title,authors,url,year
Molecular and functional basis of high-salt avoidance in a blood-sucking insect,"Gina Pontes, José Manuel Latorre-Estivalis, Romina B. Barrozo",https://www.sciencedirect.com/science/article/pii/S2589004222007738/pdfft?md5=270c1185f1670c2a6bee15f01e5dddb6&pid=1-s2.0-S2589004222007738-main.pdf,2022
69: Immunologic Mechanisms ofAtherosclerosis and Myocarditis,"Peter Libby, Andrew H. Lichtman",https://www.sciencedirect.com/science/article/pii/B9780702081651000691/pdfft?md5=60e48666196b29fd3bb9e8af00780746&pid=3-s2.0-B9780702081651000691-main.pdf,2023
"Structure-based design, synthesis and evaluation of a novel family of PEX5-PEX14 interaction inhibitors againstTrypanosoma","Valeria Napolitano, Piotr Mróz, Grzegorz Dubin",https://www.sciencedirect.com/science/article/pii/S0223523422006808/pdfft?md5=ad1ea5fe27759367698e0e7b61273651&pid=1-s2.0-S0223523422006808-main.pdf,2022
"The hormonal and neural control of egg production in the historically important model insect,Rhodnius prolixus: A review, with new insights in this post-genomic era","Angela B. Lange, Jimena Leyria, Ian Orchard",https://www.sciencedirect.com/science/article/pii/S0016648022000557/pdfft?md5=8f9ed41081913b241087270432a9a554&pid=1-s2.0-S0016648022000557-main.pdf,2022
Anti-Parasite Agents and Vaccines,Rashika El Ridi,https://www.sciencedirect.com/science/article/pii/B9780128187319000963/pdfft?md5=717cb726b47b8d90d98cbfdbaff597c9&pid=3-s2.0-B9780128187319000963-main.pdf,2022
Parasites of the Gastrointestinal Tract,"Blaine A. Mathison, Bobbi S. Pritt",https://www.sciencedirect.com/science/article/pii/B9780128187319001075/pdfft?md5=309290dfd07b62606a813e851ac2eb9e&pid=3-s2.0-B9780128187319001075-main.pdf,2022
"Drug resistance in animal trypanosomiases: Epidemiology, mechanisms and control strategies","Marzuq A. Ungogo, Harry P. de Koning",https://www.sciencedirect.com/science/article/pii/S2211320724000149/pdfft?md5=bfe511b8f01007efd11880ee75b2289f&pid=1-s2.0-S2211320724000149-main.pdf,2024
"Abundanttriatominesin Texas dog kennel environments:Triatominecollections, infection withTrypanosoma cruzi, and blood feeding hosts","R. E. Busselman, R. Curtis-Robles, S. A. Hamer",https://www.sciencedirect.com/science/article/pii/S0001706X23002747/pdfft?md5=496462f68fd4450c2c8883f3a15e2445&pid=1-s2.0-S0001706X23002747-main.pdf,2024
Circulation ofTrypanosoma cruziintriatominesandDidelphissp. in urban areas: Transmission risk assessment in the Metropolitan Region,"Rubens Antonio Silva, Vera Aparecida Oliveira Estevão, Edlaine Faria de Moura Villela",No URL found,2024
"Highlights, challenges, and perspectives in basic and applied chemical ecology oftriatomines","Gabriel Manrique, Julio C Rojas, Pablo G Guerenstein",https://www.sciencedirect.com/science/article/pii/S2214574523000986/pdfft?md5=6d3dcdfa44ff63bab8e43a4954132097&pid=1-s2.0-S2214574523000986-main.pdf,2023
Diet of the sylvatictriatomineMepraia spinolai: Association withTrypanosoma cruziinfection near human settlements,"Catalina Sierra-Rosales, Esteban San Juan, Carezza Botto-Mahan",https://www.sciencedirect.com/science/article/pii/S0001706X23002255/pdfft?md5=e1f6b42e1143ae7e575f59b39571df1c&pid=1-s2.0-S0001706X23002255-main.pdf,2023
Chagas Disease: a Review and Perspective on Laboratory Diagnostics in theUnitedStates,Jeffrey D. Whitman,No URL found,2023
"Phenology and environmental predictors ofTriatoma sanguisugadispersal in east-central Texas,UnitedStates","Juan P. Fimbres-Macias, Trevor A. Harris, Gabriel L. Hamer",https://www.sciencedirect.com/science/article/pii/S0001706X23000499/pdfft?md5=46edd15f5c43a2937a675e51c12478af&pid=1-s2.0-S0001706X23000499-main.pdf,2023
"Apparent absence ofTrypanosoma cruziin Mexican free-tailed bats (Tadarida brasiliensis) from Texas, USA","Ilana A. Mosley, Lisa D. Auckland, Sarah A. Hamer",https://www.sciencedirect.com/science/article/pii/S2405939024000510/pdfft?md5=120f5d47bbd5aa0748a111262eb14199&pid=1-s2.0-S2405939024000510-main.pdf,2024
"Revised New World bioregions and environmental correlates for vectors of Chagas disease (Hemiptera, Triatominae)","Mireya Gomez, Wilfredo A. Matamoros, Christopher W. Hoagstrom",https://www.sciencedirect.com/science/article/pii/S0001706X23002498/pdfft?md5=d7ad2f09e5350837f75283f378ea5ab8&pid=1-s2.0-S0001706X23002498-main.pdf,2024
Trypanosoma cruziExtends Its Transmission Through the Foodborne Pathway,"Belkisyolé Alarcón de Noya, Lucy J. Robertson, Oscar Noya González",https://www.sciencedirect.com/science/article/pii/B9780128225219001490/pdfft?md5=ce0310854e551c8c998f32c23767cc7c&pid=3-s2.0-B9780128225219001490-main.pdf,2024
Chagas disease in theUnitedStates: a call for increased investment and collaborative research,"Nelson Iván Agudelo Higuita, Norman L. Beatty, Jennifer Manne-Goehler",https://www.sciencedirect.com/science/article/pii/S2667193X24000954/pdfft?md5=517e931ede716f2b7ee1a7c0dd69d122&pid=1-s2.0-S2667193X24000954-main.pdf,2024
Behavioral and biological parameters of six populations ofTriatoma pallidipennis(Heteroptera: Reduviidae) from areas with high and low prevalence rates ofTrypanosoma cruzihuman infection,"Tzintli Meraz-Medina, Yunuen Grant-Guillén, José Alejandro Martínez-Ibarra",https://www.sciencedirect.com/science/article/pii/S0001706X24001414/pdfft?md5=99150982f6e081728a3b657d4b7ad1de&pid=1-s2.0-S0001706X24001414-main.pdf,2024
Trypanosoma cruziinfection in mammals in Florida: New insight into the transmission ofT. cruziin the southeasternUnitedStates,"Carson W. Torhorst, Kimberly J. Ledger, Samantha M. Wisely",https://www.sciencedirect.com/science/article/pii/S2213224423000512/pdfft?md5=2fa979cc6fd28af9e62a05a614376195&pid=1-s2.0-S2213224423000512-main.pdf,2023
"Cellphone picture-based, genus-level automated identification of Chagas disease vectors: Effects of picture orientation on the performance of five machine-learning algorithms","Vinícius Lima de Miranda, Ewerton Pacheco de Souza, Fernando Abad-Franch",https://www.sciencedirect.com/science/article/pii/S1574954123004594/pdfft?md5=e727a859dc659d24d9e2e9eb46621d2a&pid=1-s2.0-S1574954123004594-main.pdf,2024
Multilocus genetic analysis ofTrypanosoma cruzisupports non-domestic intrusion into domestic transmission in an endemic region of Colombia,"Omar Cantillo-Barraza, Jeiczon Jaimes-Dueñez, Andrés Gómez-Palacio",https://www.sciencedirect.com/science/article/pii/S240567312400028X/pdfft?md5=fb058d2069ac6d31b1b79ed2c7606624&pid=1-s2.0-S240567312400028X-main.pdf,2024
"Seroprevalence of Chagas Cardiomyopathy Among Hospitalized Latin American Immigrants Within a Washington, DC, Hospital","Ajay Kerai, Ritika Gadodia, Rachel Marcus",No URL found,2024
"Vector-borne disease, climate change and perinatal health","Austin M Oberlin, Blair J Wylie",https://www.sciencedirect.com/science/article/pii/S0146000523001441/pdfft?md5=526d843ff6fa40a702bd7a9374793559&pid=1-s2.0-S0146000523001441-main.pdf,2023
"Comparative morphology of eggs ofRhodnius domesticusNeiva & Pinto,Rhodnius neglectusLent andRhodnius prolixusStål (Hemiptera: Reduviidae: Triatominae)","Allan Pitta Seabra, João Paulo Sales Oliveira-Correia, Cleber Galvão",https://www.sciencedirect.com/science/article/pii/S138357692400045X/pdfft?md5=fcdba3413e046f4abce5878bf6c879d9&pid=1-s2.0-S138357692400045X-main.pdf,2024
Twitter trends in #Parasitology determined by text mining and topic modelling,"John T. Ellis, Michael P. Reichel",https://www.sciencedirect.com/science/article/pii/S2667114X23000262/pdfft?md5=c7992ffa607565d3367a53b202f59af6&pid=1-s2.0-S2667114X23000262-main.pdf,2023
Protozoan diseases: Chagas disease,"Giri S. Rajahram, David L. Heymann",https://www.sciencedirect.com/science/article/pii/B9780323999670003033/pdfft?md5=448ceb544a87faca5ec9b3926507cdf6&pid=3-s2.0-B9780323999670003033-main.pdf,2024
Chagas disease reactivation associated with cutaneous vasculitis in a heart transplant patient,"Mark Biro, Alison L. Hill, Freba Z. Farhat",https://www.sciencedirect.com/science/article/pii/S2352512623003776/pdfft?md5=66705d9739018ec9057086dca905d130&pid=1-s2.0-S2352512623003776-main.pdf,2023
Looking through the lens of social science approaches: A scoping review of leishmaniases and Chagas disease research,"Raíssa Nogueira de Brito, Susan Tanner, Juliana Hoyos",https://www.sciencedirect.com/science/article/pii/S0001706X23002450/pdfft?md5=1d1d102ff85f6d7525255e799919d206&pid=1-s2.0-S0001706X23002450-main.pdf,2024
Commentary on Automatic identification of Chagas disease vectors using data mining and deep learning techniques,"Ziba Parsons, Shadi Banitaan",https://www.sciencedirect.com/science/article/pii/S1574954123000936/pdfft?md5=54499af819d6928d56c049973c0116b1&pid=1-s2.0-S1574954123000936-main.pdf,2023
This Month inJAAD Case Reports: February 2024 Chagas disease reactivation presenting with vasculitis,Brett Sloan,https://www.sciencedirect.com/science/article/pii/S0190962223032346/pdfft?md5=4e4208b773fd50808c3b388d857f7c30&pid=1-s2.0-S0190962223032346-main.pdf,2024
Trypanosoma Cruziantibody screening in North Texas client owned dogs,"Wendy Pace, Joseph Oppong",No URL found,2024
"34: Chagas disease, malaria, and less common protozoan and helminth infections",Audrey Ragan Odom John,https://www.sciencedirect.com/science/article/pii/B9780323795258000433/pdfft?md5=51af047ed382dee32dcbda35a0e0e745&pid=3-s2.0-B9780323795258000433-main.pdf,2025
Prevalence of Foodborne Diseases in Latin America and the Caribbean,Suzana Caetano da Silva Lannes,https://www.sciencedirect.com/science/article/pii/B9780128225219000058/pdfft?md5=597d22bcdd9454c2e3b09946b125173d&pid=3-s2.0-B9780128225219000058-main.pdf,2024
Chagas disease deaths detected among garbage codes registered in mortality statistics in Brazil: a study from the buRden of ChAgas dISEase in the contemporary world (RAISE) project,"E. B. França, L. H. Ishitani, A. L. P. Ribeiro",https://www.sciencedirect.com/science/article/pii/S0033350623004729/pdfft?md5=7eba40ab028a137375cef3ef0427b38e&pid=1-s2.0-S0033350623004729-main.pdf,2024
Archaeoparasitology,"Aida R. Barbera, Karl J. Reinhard",No URL found,2024
Mapping the transporter-substrate interactions of theTrypanosoma cruziNB1 nucleobase transporter reveals the basis for its high affinity and selectivity for hypoxanthine and guanine and lack of nucleoside uptake,"Mustafa M. Aldfer, Fabian Hulpia, Harry P. De Koning",https://www.sciencedirect.com/science/article/pii/S0166685124000094/pdfft?md5=723135537fb81d81bb48861417315e0f&pid=1-s2.0-S0166685124000094-main.pdf,2024
"Gene editing in agricultural, health, and veterinary pest arthropods: recent advances","Madhusudan Manjunatha, Michael Pham, Andrew Nuss",https://www.sciencedirect.com/science/article/pii/S2214574524000774/pdfft?md5=28b97845ea3790f1d62eece367258c59&pid=1-s2.0-S2214574524000774-main.pdf,2024
Blood meal digestion and changes in lipid reserves are associated with the post-ecdysis development of the flight muscle and ovary in young adults ofRhodnius prolixus,"Valdir Braz, Lukas Selim, Katia C. Gondim",https://www.sciencedirect.com/science/article/pii/S0022191023000185/pdfft?md5=30b5faace385309f88fe02ae7728ab59&pid=1-s2.0-S0022191023000185-main.pdf,2023
Intracellular Parasites: Kinetoplastids,"Gaëlle Lentini, Peter C. Dumoulin, Nicola S. Carter",https://www.sciencedirect.com/science/article/pii/B9780128216187000742/pdfft?md5=ee6845ed59bf7c3d1d5a2314f869b250&pid=3-s2.0-B9780128216187000742-main.pdf,2023
"Imported infectious diseases in migrants from Latin America: A retrospective study from a referral centre for tropical diseases in Spain, 2017–2022","Marta Arsuaga, Rosa De Miguel Buckley, Marta Díaz-Menéndez",https://www.sciencedirect.com/science/article/pii/S147789392400022X/pdfft?md5=1594aa7be6f81512ef09f7e760894cc4&pid=1-s2.0-S147789392400022X-main.pdf,2024
Nutritional Heart Disease and Cardiomyopathies:JACCFocus Seminar 4/4,"Karen Sliwa, Charle Andre Viljoen, Ntobeko A. B. Ntusi",https://www.sciencedirect.com/science/article/pii/S0735109722073089/pdfft?md5=3f9f0d6baef885b14b5a4bac3f94a936&pid=1-s2.0-S0735109722073089-main.pdf,2023
Insight into hazard and control of transfusion-transmitted infections in Egypt: A narrative review,"Hazem A. Sayed Ahmed, Noha Kamel, Eman Mohamed Mahfouz",https://www.sciencedirect.com/science/article/pii/S1473050224001332/pdfft?md5=205cd4a065d6ab4de43a30cd86c6d608&pid=1-s2.0-S1473050224001332-main.pdf,2024
"Exposure toTrypanosoma cruziandLeishmaniaparasites in dogs from a rural locality of Yucatan, Mexico. A serological survey","Enrique Reyes-Novelo, Carlos Sauri-Arceo, Francisco J. Escobedo-Ortegón",No URL found,2023
At the outer part of the active site inTrypanosoma cruziglucokinase: The role of phenylalanine 337,"Shane M. Carey, Sean P. Kearns, Edward L. D'Antonio",https://www.sciencedirect.com/science/article/pii/S0300908423002419/pdfft?md5=285071b95fe790eda45214237bab883b&pid=1-s2.0-S0300908423002419-main.pdf,2024
Functional predictors of poor outcomes in Chagas cardiomyopathy: The value of end-tidal carbon dioxide at peak exercise,"Marcus Vinícius Accetta Vianna, Matheus Ribeiro Ávila, Henrique Silveira Costa",https://www.sciencedirect.com/science/article/pii/S0147956323002078/pdfft?md5=43b21ec0de166d904a36b6980124b853&pid=1-s2.0-S0147956323002078-main.pdf,2023
Emerging infectious diseases of the skin: a review of clinical and histologic findings,"Devon E. McMahon, Audrey N. Schuetz, Carrie L. Kovarik",https://www.sciencedirect.com/science/article/pii/S0046817723001478/pdfft?md5=1062927ea185484f7697c42cd38b6e15&pid=1-s2.0-S0046817723001478-main.pdf,2023
Fauna and Flora Related Deaths,Ryan Blumenthal,No URL found,2024
Microextraction by packed sorbent and high-performance liquid chromatography for determination of benznidazole in human plasma,"Melina Luiza Vieira Diniz, Jessica Mauricio Batista, Christian Fernandes",https://www.sciencedirect.com/science/article/pii/S1570023223000508/pdfft?md5=7555501c470d43bd6f3a53ace851b18d&pid=1-s2.0-S1570023223000508-main.pdf,2023
Bioactivity-guided isolation of trypanocidal coumarins and dihydro-pyranochromones from selected Apiaceae plant species,"Sandhya R. Krishnan, Adrianna Skiba, Jürg Gertsch",https://www.sciencedirect.com/science/article/pii/S0031942223001863/pdfft?md5=f7babc9cfc512b30fa91a7c87a833ab0&pid=1-s2.0-S0031942223001863-main.pdf,2023
Identification of ETH receptor and its possible roles in the mud crabScylla paramamosain,"Yiwei Tang, Fang Liu, Haihui Ye",https://www.sciencedirect.com/science/article/pii/S1095643324001193/pdfft?md5=3d2365ab7cf49d1bd1780cd2120f1312&pid=1-s2.0-S1095643324001193-main.pdf,2024
Infectious Disease Prophylaxis During and After Immunosuppressive Therapy,"Lorne Schweitzer, Benjamin A. Miko, Marcus R. Pereira",https://www.sciencedirect.com/science/article/pii/S2468024924016784/pdfft?md5=44da0a47ffef483f2f881057327affbd&pid=1-s2.0-S2468024924016784-main.pdf,2024
In vitroactivity and mechanism of cell death induction of cyanomethyl vinyl ethers derivatives againstTrypanosoma cruzi,"Carlos J. Bethencourt-Estrella, Samuel Delgado-Hernández, José E. Piñero",https://www.sciencedirect.com/science/article/pii/S2211320723000167/pdfft?md5=74596ea5137f8bbacadef56caddfca1f&pid=1-s2.0-S2211320723000167-main.pdf,2023
Privileged small molecules against neglected tropical diseases: A perspective from structure activity relationships,"J. Abbasi Shiran, B. Kaboudin, N. Razzaghi-Asl",https://www.sciencedirect.com/science/article/pii/S0223523424002769/pdfft?md5=f3e3d956269c07c79bc87c94c1a10741&pid=1-s2.0-S0223523424002769-main.pdf,2024
Non-thermal technologies for the conservation of açai pulp and derived products: A comprehensive review,"Danyelly Silva Amorim, Isabelly Silva Amorim, Carla Rosane Barboza Mendonça",https://www.sciencedirect.com/science/article/pii/S0963996923011237/pdfft?md5=b7e85e1a669a10b7e7bb8f345f7ec13f&pid=1-s2.0-S0963996923011237-main.pdf,2023
Thiazolidin-4-one-based derivatives – Efficient tools for designing antiprotozoal agents. A review of the last decade,"Helena Tuszewska, Jacek Szczepański, Nazar Trotsko",https://www.sciencedirect.com/science/article/pii/S0045206823000585/pdfft?md5=4c4973f7b63469d566e3a5c98a97bf49&pid=1-s2.0-S0045206823000585-main.pdf,2023
Antiprotozoal compounds fromMikania periplocifolia(Asteraceae),"Laura C. Laurella, Orlando G. Elso, Valeria P. Sülsen",https://www.sciencedirect.com/science/article/pii/S0367326X23000746/pdfft?md5=2f1fbfb60c052a17fc9f6dfd999c4b2c&pid=1-s2.0-S0367326X23000746-main.pdf,2023
Exploring microalgal and cyanobacterial metabolites with antiprotozoal activity againstLeishmaniaandTrypanosomaparasites,"Ângelo Paggi Matos, Flávia Marisa Prado Saldanha-Corrêa, Gabriela Ramos Hurtado",https://www.sciencedirect.com/science/article/pii/S0001706X23003030/pdfft?md5=4c68dcc58ba706b895f4c3529262976b&pid=1-s2.0-S0001706X23003030-main.pdf,2024
Elucidating the structure-function attributes of a trypanosomal arginyl-tRNA synthetase,"Pratyasha Bhowal, Bappaditya Roy, Rajat Banerjee",https://www.sciencedirect.com/science/article/pii/S0166685123000555/pdfft?md5=b9847bd4d22d5fdbf68377d13e6d56e6&pid=1-s2.0-S0166685123000555-main.pdf,2023
ExploringN-myristoyltransferase as a promising drug target against parasitic neglected tropical diseases,"Igor José dos Santos Nascimento, Misael de Azevedo Teotônio Cavalcanti, Ricardo Olimpio de Moura",https://www.sciencedirect.com/science/article/pii/S0223523423005160/pdfft?md5=6d164bba87ecc50170d6fdcff192fc5e&pid=1-s2.0-S0223523423005160-main.pdf,2023
"RCB-4, a novel cyclic peptide, fromRicinus communiswith anti-Trypanosoma cruziactivities","Francianne Galossi-de-Souza, Laís Pessanha de Carvalho, Olga Lima Tavares Machado",https://www.sciencedirect.com/science/article/pii/S0022286023024936/pdfft?md5=b6c6c522a3f19e707eb17ce3b42cb1f1&pid=1-s2.0-S0022286023024936-main.pdf,2024
A multi-omics approach for understanding blood digestion dynamics inIxodes scapularisand identification of anti-tick vaccine targets,"Jeremiah B. Reyes, Molly McVicar, Monika Gulia-Nuss",https://www.sciencedirect.com/science/article/pii/S1877959X24000724/pdfft?md5=b3d85f71955aebabbb5fad285334949f&pid=1-s2.0-S1877959X24000724-main.pdf,2024
"Heterologous mRNA-protein vaccination with Tc24 induces a robust cellular immune response againstTrypanosoma cruzi, characterized by an increased level of polyfunctional CD8+ T-cells","Cristina Poveda, Ana Carolina Leão, Kathryn M. Jones",https://www.sciencedirect.com/science/article/pii/S2590255523000124/pdfft?md5=408a3ec727d6e87f0099d4405273731a&pid=1-s2.0-S2590255523000124-main.pdf,2023
The insect microbiome is a vast source of bioactive small molecules,"Carlismari Oliveira Grundmann, Juan Guzman, Mônica Tallarico Pupo",No URL found,2024
"Synanthropictriatominesin Hidalgo state,Mexico: Spatial-temporal distribution, domestic transmission cycle, and natural infection withTrypanosoma cruzi","Mónica Chico-Avelino, Adriana López-Mejía, Rebeca G. Manning-Cela",https://www.sciencedirect.com/science/article/pii/S0001706X22003102/pdfft?md5=45f278c37d838a3d81e72143fee97766&pid=1-s2.0-S0001706X22003102-main.pdf,2022
"Apparent absence ofTrypanosoma cruziinMexicanfree-tailed bats (Tadarida brasiliensis) from Texas, USA","Ilana A. Mosley, Lisa D. Auckland, Sarah A. Hamer",https://www.sciencedirect.com/science/article/pii/S2405939024000510/pdfft?md5=120f5d47bbd5aa0748a111262eb14199&pid=1-s2.0-S2405939024000510-main.pdf,2024
Chemical symphony: Unravelingtriatomineaggregation and attraction patterns for innovative pest control solutions,"David Alavez-Rosas, Leopoldo Cruz-López, Alex Córdoba-Aguilar",https://www.sciencedirect.com/science/article/pii/S0001706X24001104/pdfft?md5=8df78d30049aa45b38f02602009a6425&pid=1-s2.0-S0001706X24001104-main.pdf,2024
Trypanosoma cruziinfection in dogs along the US-Mexicoborder:R0changes with vector species composition,"Luis Fernando Chaves, Alyssa C. Meyers, Sarah A. Hamer",https://www.sciencedirect.com/science/article/pii/S1755436523000592/pdfft?md5=57f445b1b533dc6f207553a8bb34d8fe&pid=1-s2.0-S1755436523000592-main.pdf,2023
"Vital statistics of the introduced speciesTriatoma infestans(Klug, 1834) (Hemiptera: Reduviidae) in westernMexicounder laboratory conditions","José Alejandro Martínez-Ibarra, Fernando Martínez-Hernández, Benjamín Nogueda-Torres",https://www.sciencedirect.com/science/article/pii/S0001706X2200420X/pdfft?md5=a8181e6f448e1313e3da43965a3eaaad&pid=1-s2.0-S0001706X2200420X-main.pdf,2023
"Body shape and fluctuating asymmetry following different feeding sources and feeding time in atriatomine,Triatoma pallidipennis(Stål, 1892)","Ana E. Gutiérrez-Cabrera, Raúl Badillo Montaño, Alex Córdoba-Aguilar",https://www.sciencedirect.com/science/article/pii/S1567134821004998/pdfft?md5=57993a2d934bfa6984bc552ba7fe8cf4&pid=1-s2.0-S1567134821004998-main.pdf,2022
Resisting an invasion: A review of thetriatominevector (Kissing bug) defense strategies against aTrypanosoma spinfection,"Victor Irungu Mwangi, Erika Gomez Martinez, Maria das Graças V. B. Guerra",https://www.sciencedirect.com/science/article/pii/S0001706X22004375/pdfft?md5=0762282f1850c5560497b6d2d33ec2e6&pid=1-s2.0-S0001706X22004375-main.pdf,2023
"Dataset of assembly and annotation of the mitogenomes ofTriatoma dimidiataandTriatoma huehuetenanguensiscaptured from Yucatán,México","Nohemi Cigarroa-Toledo, Carlos M. Baak-Baak, Karla Y. Acosta-Viana",https://www.sciencedirect.com/science/article/pii/S2352340923009277/pdfft?md5=842eb25754c2b3f3ceba1537a76bc65f&pid=1-s2.0-S2352340923009277-main.pdf,2024
"Surveillance of sand flies (Psychodidae, Phlebotominae) fromMexico: Altitudinal and climatic patterns after historical and new geographic records in endemic areas of leishmaniasis","Yokomi N. Lozano-Sardaneta, Jorge J. Rodríguez-Rojas, Atilano Contreras-Ramos",https://www.sciencedirect.com/science/article/pii/S0001706X24001529/pdfft?md5=52537ba90810b817d6a48ec2361c3a19&pid=1-s2.0-S0001706X24001529-main.pdf,2024
"Temporal variation ofTriatoma dimidiataabundance and infection withTrypanosoma cruziin domestic and sylvatic habitats of rural Yucatan,Mexico","Joel Israel Moo-Millan, Anette Hernández-Andrade, Etienne Waleckx",https://www.sciencedirect.com/science/article/pii/S0001706X23002243/pdfft?md5=33d7c0825beccb7a166eb32327054b97&pid=1-s2.0-S0001706X23002243-main.pdf,2023
"New finding of peridomesticTriatoma infestans(Klug, 1834) (Hemiptera: Reduviidae) inMexico: Molecular approach usingcytochrome Bandcytochrome oxidase I","Fernando Martínez-Hernández, Guiehdani Villalobos, José Alejandro Martínez-Ibarra",https://www.sciencedirect.com/science/article/pii/S1567134821004871/pdfft?md5=cb75003ab35cb0f47267e8d1ccbb2510&pid=1-s2.0-S1567134821004871-main.pdf,2022
Thinking green: Insecticidal effect of biorational solutions againstTriatoma pallidipennisStal (Hemiptera: Triatominae),"Reyna Vargas-Abasolo, José D. Rivera-Duarte, Alex Córdoba-Aguilar",https://www.sciencedirect.com/science/article/pii/S0001706X24000366/pdfft?md5=3c5cd2689a9f6a9e520dc292d36f565c&pid=1-s2.0-S0001706X24000366-main.pdf,2024
Seroprevalence ofTrypanosoma cruziin Eight Blood Banks inMexico,"Saúl González-Guzmán, Patricia González-Cano, Vladimir Paredes-Cervantes",https://www.sciencedirect.com/science/article/pii/S018844092200100X/pdfft?md5=7ec6b6927e73157e9b3cee7df0ecdd2c&pid=1-s2.0-S018844092200100X-main.pdf,2022
"Exposure toTrypanosoma cruziandLeishmaniaparasites in dogs from a rural locality of Yucatan,Mexico. A serological survey","Enrique Reyes-Novelo, Carlos Sauri-Arceo, Francisco J. Escobedo-Ortegón",No URL found,2023
Trypanosoma cruziandLeishmaniaspp. in rodents in a peri-urban area of CentralMexico,"Diana Orduña-Mayares, Norma Hernández-Camacho, Brenda Camacho-Macías",No URL found,2022
Combined use of real-time PCR and serological techniques for improved surveillance of chronic and acute American trypanosomiasis in dogs and their owners from an endemic rural area of NeotropicalMexico,"José I. Chan-Pérez, Juan F. J. Torres-Acosta, Matilde Jiménez-Coello",https://www.sciencedirect.com/science/article/pii/S2667114X22000073/pdfft?md5=14547c16313c1d9dcb11d874b9192a2f&pid=1-s2.0-S2667114X22000073-main.pdf,2022
Heterorhabditis indica (Nematoda: Rhabditida) a possible new biological control agent against the vector of Chagas disease,"Selene Smith-Ávila, Carlos N. Ibarra-Cerdeña, Víctor Manuel Vidal-Martínez",https://www.sciencedirect.com/science/article/pii/S0001706X2400144X/pdfft?md5=db891d0a5452eef18b97ce24ef98a06d&pid=1-s2.0-S0001706X2400144X-main.pdf,2024
Phylogenetic diversity of two commonTrypanosoma cruzilineages in the Southwestern United States,"Carlos A. Flores-López, Elizabeth A. Mitchell, Carlos A. Machado",https://www.sciencedirect.com/science/article/pii/S156713482200048X/pdfft?md5=af07aab57dc2a981b38a993ebd168406&pid=1-s2.0-S156713482200048X-main.pdf,2022
Acute toxicity of two insecticides on two species of Chagas disease vectors,"Reyna Vargas-Abasolo, Ana E. Gutiérrez-Cabrera, Jose D. Rivera",https://www.sciencedirect.com/science/article/pii/S0001706X23000931/pdfft?md5=5e63b30741aa226d9508b482d5209635&pid=1-s2.0-S0001706X23000931-main.pdf,2023
"Molecular data confirmTriatoma pallidipennisStål, 1872 (Hemiptera: Reduviidae: Triatominae) as a novel cryptic species complex","Daryl D. Cruz, Elizabeth Arellano",https://www.sciencedirect.com/science/article/pii/S0001706X22000808/pdfft?md5=cacb34dc2de54ae6ac12e04e37b8af24&pid=1-s2.0-S0001706X22000808-main.pdf,2022
Evaluation of the effectiveness of fluralaner against adult stages ofRhodnius prolixusin dogs,"Antonio Ortega-Pacheco, Anabel Poot-Ramos, Matilde Jiménez-Coello",https://www.sciencedirect.com/science/article/pii/S1383576921002269/pdfft?md5=0013b396e0809e1747591ed530c52071&pid=1-s2.0-S1383576921002269-main.pdf,2022
A convolutional neural network to recognize Chagas disease vectors using mobile phone images,"Joaquín Cochero, Lorenzo Pattori, Gerardo Marti",https://www.sciencedirect.com/science/article/pii/S157495412200036X/pdfft?md5=f7fcc00c5d4c3500d0084b48388b3b23&pid=1-s2.0-S157495412200036X-main.pdf,2022
Eco-epidemiology of vectorialTrypanosoma cruzitransmission in a region of northeast Brazil,"Flavia Santos, Jairo Torres Magalhães-Junior, Carlos Roberto Franke",https://www.sciencedirect.com/science/article/pii/S0001706X21003624/pdfft?md5=fea80787b0c7bdf1a43bcab5b8d75a4a&pid=1-s2.0-S0001706X21003624-main.pdf,2022
"Risk of a vector-borne endemic zoonosis for wildlife: Hosts, large-scale geography, and diversity of vector-host interactions forTrypanosoma cruzi","Laura Rengifo-Correa, Ángel Rodríguez-Moreno, Constantino González-Salazar",https://www.sciencedirect.com/science/article/pii/S0001706X24000019/pdfft?md5=1094c7c35f3f474af596854494022102&pid=1-s2.0-S0001706X24000019-main.pdf,2024
Kissing Bugs (Triatominae),"José A. De Fuentes-Vicente, Ana E. Gutiérrez-Cabrera",https://www.sciencedirect.com/science/article/pii/B9780128187319000100/pdfft?md5=ac4454b4d8af00e06a420571f6c79214&pid=3-s2.0-B9780128187319000100-main.pdf,2022
Benefits and costs of immune memory inRhodnius prolixusagainstTrypanosoma cruzi,"S. P. Carmona-Peña, J. C. Vázquez-Chagoyán, J. Contreras-Garduño",https://www.sciencedirect.com/science/article/pii/S0882401022001188/pdfft?md5=273957cfcc34d58175ecd0715fed4ba4&pid=1-s2.0-S0882401022001188-main.pdf,2022
Chagas Disease: a Review and Perspective on Laboratory Diagnostics in the United States,Jeffrey D. Whitman,No URL found,2023
"Phylogenetic description ofTrypanosoma cruziisolates fromDipetalogaster maxima: Occurrence of TcI, TcIV, and TcIV-USA","Carlos A. Flores-López, Esteban A. Esquivias-Flores, Aldo Guevara-Carrizales",https://www.sciencedirect.com/science/article/pii/S1567134823000631/pdfft?md5=cd69c1fc6e70b7738b061211ffd5cc4c&pid=1-s2.0-S1567134823000631-main.pdf,2023
Tele-entomology and tele-parasitology: A citizen science-based approach for surveillance and control of Chagas disease in Venezuela,"Lourdes A. Delgado-Noguera, Carlos E. Hernández-Pereira, Alberto E. Paniz Mondolfi",https://www.sciencedirect.com/science/article/pii/S240567312200037X/pdfft?md5=375b162a80fe28ecf348bb55f8c2a2a3&pid=1-s2.0-S240567312200037X-main.pdf,2022
"Disentangling the contributions of biotic and abiotic predictors in the niche and the species distribution model of Trypanosoma cruzi, etiological agent of Chagas disease","Laura Rengifo-Correa, Constantino González-Salazar, Christopher R. Stephens",https://www.sciencedirect.com/science/article/pii/S0001706X2200448X/pdfft?md5=e3f0df08a47cb377b7d531a206bff880&pid=1-s2.0-S0001706X2200448X-main.pdf,2023
Geometric morphometrics and ecological niche modelling for delimitation ofTriatoma pallidipennis(Hemiptera: Reduviidae: Triatominae) haplogroups,"Daryl D. Cruz, Sandra Milena Ospina-Garcés, Raúl Alcalá",https://www.sciencedirect.com/science/article/pii/S2667114X23000079/pdfft?md5=cff3e6bd3d2826da8a03ba3780b9b0f9&pid=1-s2.0-S2667114X23000079-main.pdf,2023
Spatial distribution ofTriatoma dimidiataperidomestic colonies modulated by distance between susceptible microhabitat patches,"Daniel Chan-Espinoza, Hugo A. Ruiz-Piña, Enrique Reyes-Novelo",https://www.sciencedirect.com/science/article/pii/S0001706X24000536/pdfft?md5=99a8edbdae3845cc7a75cab6123dfde4&pid=1-s2.0-S0001706X24000536-main.pdf,2024
The long-term impact of an Ecohealth intervention: Entomological data suggest the interruption of Chagas disease transmission in southeastern Guatemala,"Fredy Manolo Pereira, Daniel Penados, María Carlota Monroy",https://www.sciencedirect.com/science/article/pii/S0001706X22003473/pdfft?md5=350c06d627eaefc1d23c2ad17c3a8291&pid=1-s2.0-S0001706X22003473-main.pdf,2022
52: American Trypanosomiasis: Chagas Disease,"Andrés F. Henao-Martínez, Carlos Franco-Paredes, Anis Rassi",https://www.sciencedirect.com/science/article/pii/B978070207959700052X/pdfft?md5=e9369b1eb5f4e6eb1b898fa5854eaaab&pid=3-s2.0-B978070207959700052X-main.pdf,2024
Epidemiological aspects of Chagas disease in the state of Piauí (Northeast Brazil) in the period 2010–2019,"Maricélia de Aquino Santana, Anangela Ravena da Silva Leal, Vagner José Mendonça",https://www.sciencedirect.com/science/article/pii/S0001706X22000377/pdfft?md5=31780581d6134cdb2147c7ea785f4156&pid=1-s2.0-S0001706X22000377-main.pdf,2022
"Retrospect, advances and challenges in Chagas disease diagnosis: a comprehensive review","Alejandro Gabriel Schijman, Julio Alonso-Padilla, Claudia Patricia Herrera Bernal",https://www.sciencedirect.com/science/article/pii/S2667193X24001480/pdfft?md5=8d4c999ea7030d750203aecfb6ad85eb&pid=1-s2.0-S2667193X24001480-main.pdf,2024
"Trypanosoma cruzi, beyond the dogma of non-infection in birds","Fernando Martínez-Hernández, Brizia Oria-Martínez, Claudia Irais Muñoz-García",https://www.sciencedirect.com/science/article/pii/S1567134822000363/pdfft?md5=7ed255a39d45554079bf931cfa4fc997&pid=1-s2.0-S1567134822000363-main.pdf,2022
"A multidisciplinary, collaborative, inter-agency and comprehensive approach for the control of Chagas Disease as a public health problem in Guatemala","María Carlota Monroy, Daniel Penados, Roberto Chuit",https://www.sciencedirect.com/science/article/pii/S0001706X21003363/pdfft?md5=a27678ccda6a055c3cf345d774d23a85&pid=1-s2.0-S0001706X21003363-main.pdf,2022
Microevolution and subspecific taxonomy ofTrypanosoma cruzi,"Michel Tibayrenc, Francisco J. Ayala",https://www.sciencedirect.com/science/article/pii/S1567134822001411/pdfft?md5=fa0097da8257c77c42efcd1f7533232f&pid=1-s2.0-S1567134822001411-main.pdf,2022
Population structure and migration inTriatoma infestans(Hemiptera: Reduviidae) from the Argentine Chaco: An integration of genetic and morphometric data,"Romina V. Piccinali, M. Sol Gaspe, Ricardo E. Gürtler",https://www.sciencedirect.com/science/article/pii/S0001706X23001973/pdfft?md5=28a5f1ebd4fa469ccbd2c830228f9b12&pid=1-s2.0-S0001706X23001973-main.pdf,2023
From molecules to ecosystems: Insights into a network of interactions for a Chagas disease outbreak usingTriatoma brasiliensisas natural samplers,"Carlos E. Almeida, Milena M. Máximo, Elaine Folly-Ramos",https://www.sciencedirect.com/science/article/pii/S0001706X23002942/pdfft?md5=22add02ae134e5bb01acb7dc27a07a08&pid=1-s2.0-S0001706X23002942-main.pdf,2024
Shooting in the dark: automatic identification of disease vectors without taxonomic expert supervision,"Rodrigo Gurgel-Gonçalves, Vinícius Lima de Miranda, A. Townsend Peterson",https://www.sciencedirect.com/science/article/pii/S1574954123000584/pdfft?md5=4fcb243edc1eade6d55ce8f01f1c36ee&pid=1-s2.0-S1574954123000584-main.pdf,2023
Protective efficacy of the oral vaccine Tc24:Co1 produced inSchizochytriumsp. againstTrypanosoma cruziinfection in a mouse model,"Abel Ramos-Vega, Victor Manuel Dzul-Huchim, Carlos Angulo",https://www.sciencedirect.com/science/article/pii/S0882401023005211/pdfft?md5=2259586713b223e0580b2c8e85679a22&pid=1-s2.0-S0882401023005211-main.pdf,2024
Clockwork intruders: Do parasites manipulate their hostsʼ circadian rhythms?,"Sebastián Boy-Waxman, Martin Olivier, Nicolas Cermakian",https://www.sciencedirect.com/science/article/pii/S2667114X24000025/pdfft?md5=450d349550989e85087d9517d988c999&pid=1-s2.0-S2667114X24000025-main.pdf,2024
Intra-hostTrypanosoma cruzistrain dynamics shape disease progression: the missing link in Chagas disease pathogenesis,"Eric Dumonteil, Hans Desale, Denis Sereno",No URL found,2023
Severe Cardiomyopathy from Chronic Chagas Disease,Patrick R. Ching,https://www.sciencedirect.com/science/article/pii/S000293432200033X/pdfft?md5=4477280f0d2ef70ea2bc14856bc13d4a&pid=1-s2.0-S000293432200033X-main.pdf,2022
The imperfect storm: An uncommon presentation of Chagas disease,"Matthew C. Johnson, Lulu Wang",https://www.sciencedirect.com/science/article/pii/S0735675722005083/pdfft?md5=e1084f2669fe32094b62c2d60fffbe86&pid=1-s2.0-S0735675722005083-main.pdf,2022
Chagas disease,"Andréa Silvestre de Sousa, Debbie Vermeij, Alejandro O Luquetti",https://www.sciencedirect.com/science/article/pii/S0140673623017877/pdfft?md5=382c7ed8e3b5cf96f4288576723533eb&pid=1-s2.0-S0140673623017877-main.pdf,2024
Comparative proteomic analysis ofTrypanosoma cruziTcI lineage epimastigotes unveils metabolic and phenotypic differences between fast- and slow-dividing strains,"Jenny Telleria, Michel Tibayrenc, Jaime A. Costales",https://www.sciencedirect.com/science/article/pii/S0014489423001170/pdfft?md5=fe3f94f568be46c79e05b80f97290e7f&pid=1-s2.0-S0014489423001170-main.pdf,2023
Acrylonitrile derivatives:In vitroactivity and mechanism of cell death induction againstTrypanosoma cruziandLeishmania amazonensis,"Carlos J. Bethencourt-Estrella, Samuel Delgado-Hernández, José E. Piñero",https://www.sciencedirect.com/science/article/pii/S2211320724000125/pdfft?md5=e819bee2003a2365d85bbfff9b5b3b19&pid=1-s2.0-S2211320724000125-main.pdf,2024
275:TrypanosomaSpecies (Trypanosomiasis),"Julia C. Haston, Andres F. Camacho-Gonzalez",https://www.sciencedirect.com/science/article/pii/B9780323756082002755/pdfft?md5=d215b9cb0aecebfe012b9d1e551e03d1&pid=3-s2.0-B9780323756082002755-main.pdf,2023
Endemic or regionally limited parasitic and fungal infections in haematopoietic stem-cell transplantation recipients: a Worldwide Network for Blood and Marrow Transplantation (WBMT) Review,"Ibrahim N Muhsen, Sebastian Galeano, Mahmoud Aljurf",No URL found,2023
Keystone Vector Biology Symposium 2023: emerging concepts and novel technologies,"Paola Carrillo-Bustamante, Cassandra Koh, Joao H. F. Pedra",https://www.sciencedirect.com/science/article/pii/S1471492223000697/pdfft?md5=838677c7ac8e96d508da53aef760ea10&pid=1-s2.0-S1471492223000697-main.pdf,2023
Family cluster of Chagas disease among Bolivian immigrants in Italy: High rate of maternal-fetal transmission,"Spinello Antinori, Laura Galimberti, Anna Lisa Ridolfo",https://www.sciencedirect.com/science/article/pii/S1477893922001168/pdfft?md5=755e0b21b1b4eac74816839b35dbb85f&pid=1-s2.0-S1477893922001168-main.pdf,2022
"Climate change and zoonoses: A review of the current status, knowledge gaps, and future trends","Ruwini Rupasinghe, Bruno B. Chomel, Beatriz Martínez-López",https://www.sciencedirect.com/science/article/pii/S0001706X21004034/pdfft?md5=e1ab7a10caf9699f84616fb4891a35d8&pid=1-s2.0-S0001706X21004034-main.pdf,2022
Appendix4: Medical Acarology and Entomology,"Graham B. White, Christina Faust",https://www.sciencedirect.com/science/article/pii/B9780702079597000889/pdfft?md5=edc805635be24a4f7053efacdb482199&pid=3-s2.0-B9780702079597000889-main.pdf,2024
"Seroprevalence ofTrypanosoma cruziinfection among blood donors in the state of Pará, Brazil","Jade Dias Valente, Natália da Silva Silva, Laine Celestino Pinto",https://www.sciencedirect.com/science/article/pii/S1473050223001404/pdfft?md5=c431cd65c99211f4e1651a3b6bc53f8e&pid=1-s2.0-S1473050223001404-main.pdf,2023
Commercially acquired açaí pulps contamination byTrypanosoma cruzi,"Diana Zapparoli, Thainá Valente Bertozzo, Simone Baldini Lucheis",https://www.sciencedirect.com/science/article/pii/S0168160521004682/pdfft?md5=3ab2fb09e529528e6ed9e4a58ae03c5c&pid=1-s2.0-S0168160521004682-main.pdf,2022
Tropical diseases and anaesthesia,"Victoria Howell, Tom Bashford",https://www.sciencedirect.com/science/article/pii/S1472029922000893/pdfft?md5=d21109e089e122ac3c20181f0f87992e&pid=1-s2.0-S1472029922000893-main.pdf,2022
"Pathogen diversity, immunity, and the fate of infections: lessons learned fromTrypanosoma cruzihuman–host interactions","Luísa M D Magalhães, Kenneth J Gollob, Walderez O Dutra",https://www.sciencedirect.com/science/article/pii/S2666524721002652/pdfft?md5=a28222a72d44492aaefd8e1de6ff7bba&pid=1-s2.0-S2666524721002652-main.pdf,2022
Chemical control of medically important arthropods in Panama: A systematic literature review of historical efforts,"Anyi Tuñon, Joel García, Jose R. Loaiza",https://www.sciencedirect.com/science/article/pii/S0001706X24001001/pdfft?md5=6242c76891329a879565de5e5c6973ec&pid=1-s2.0-S0001706X24001001-main.pdf,2024
"Early identification of patients with Chagas disease at risk of developing cardiomyopathy using 2-D speckle tracking strain:Win, Mirandaprediction of Chagas cardiomyopathy","Sithu Win, Monica Miranda-Schaeubinger, Monica Mukherjee",https://www.sciencedirect.com/science/article/pii/S2352906722001099/pdfft?md5=b917b23eea3ef46191311df845b5cddf&pid=1-s2.0-S2352906722001099-main.pdf,2022
Prevalence of Chagas disease and strongyloidiasis among HIV-infected Latin American immigrants in Italy – The CHILI study,"Paola Rodari, Francesca Tamarozzi, Andrea Angheben",https://www.sciencedirect.com/science/article/pii/S1477893922000709/pdfft?md5=c72c7bf2c1b3e372644f7d93b04a23bf&pid=1-s2.0-S1477893922000709-main.pdf,2022
One Health for fascioliasis control in human endemic areas,"Santiago Mas-Coma, M. Adela Valero, M. Dolores Bargues",https://www.sciencedirect.com/science/article/pii/S1471492223001277/pdfft?md5=06e3f3e65aecbe3e7dbdb7a7cbcaaa32&pid=1-s2.0-S1471492223001277-main.pdf,2023
Innate immune memory in invertebrates: Concept and potential mechanisms,"Humberto Lanz-Mendoza, Jorge Contreras-Garduño",https://www.sciencedirect.com/science/article/pii/S0145305X21002937/pdfft?md5=e493d122b43c195f3ad0a6e00d4ded09&pid=1-s2.0-S0145305X21002937-main.pdf,2022
72: Dermatological Problems in the Tropics,"Francisco Vega-Lopez, Rachael Morris-Jones",https://www.sciencedirect.com/science/article/pii/B9780702079597000725/pdfft?md5=71c40220d1dfd6d33c7d1e9b68c7eb16&pid=3-s2.0-B9780702079597000725-main.pdf,2024
On-site experience of a project to increase access to diagnosis and treatment of Chagas disease in high-risk endemic areas of Colombia,"Rafael Herazo, Fernando Torres-Torres, Andrea Marchiol",https://www.sciencedirect.com/science/article/pii/S0001706X21003971/pdfft?md5=55b7cdbd81e7af92c290521637d0d69f&pid=1-s2.0-S0001706X21003971-main.pdf,2022
"Aminoacyl-tRNA synthetase (AARS) as an attractive drug target in neglected tropical trypanosomatid diseases-Leishmaniasis, Human African Trypanosomiasis and Chagas disease","Vikas Kushwaha, Neena Capalash",https://www.sciencedirect.com/science/article/pii/S0166685122000640/pdfft?md5=2bd3843ffca7c9185f3125821c30dfe9&pid=1-s2.0-S0166685122000640-main.pdf,2022
"Phlebotomine Sand Flies (Diptera, Psychodidae, Phlebotominae)",Carlos Brisola Marcondes,https://www.sciencedirect.com/science/article/pii/B9780128187319000033/pdfft?md5=86ce4ee6978d1ed2cc06fdec65d6f4f0&pid=3-s2.0-B9780128187319000033-main.pdf,2022
TRPA5encodes a thermosensitive ankyrin ion channel receptor in atriatomineinsect,"Marjorie A. Liénard, David Baez-Nieto, Naomi E. Pierce",https://www.sciencedirect.com/science/article/pii/S2589004224007636/pdfft?md5=61cc1cd01de3f4a8f1eaec9d6335aca8&pid=1-s2.0-S2589004224007636-main.pdf,2024
The role of tryptophan derivatives as anti-kinetoplastid agents,"Ewura-Esi Manful, Aboagye Kwarteng Dofuor, Theresa Manful Gwira",https://www.sciencedirect.com/science/article/pii/S2405844023111030/pdfft?md5=390754fed7d30155af11d15c75adfba5&pid=1-s2.0-S2405844023111030-main.pdf,2024
"Effect of mineral dusts alone and in combination with the entomopathogenic fungusBeauveria bassiana(Bals.) Vuill. against the bark beetleIps typographusL. (Col., Scolytidae) in the laboratory and under field conditions","Jürgen Kreutz, Ortwin Vaupel, Gisbert Zimmermann",https://www.sciencedirect.com/science/article/pii/S0378112722002195/pdfft?md5=eeb3ccbd7b71603a3db67a9603bf948d&pid=1-s2.0-S0378112722002195-main.pdf,2022
Parasitic Eye Infections,"Pauline Khoo, Maria Cabrera-Aguas, Stephanie L Watson",https://www.sciencedirect.com/science/article/pii/B9780128187319001208/pdfft?md5=46fb794aab0d2a9ce8d8452f6e95a929&pid=3-s2.0-B9780128187319001208-main.pdf,2022
Bed Bugs and Bat Bugs (Cimicidae and Polyctenidae),"Mariano Cáceres, Pablo L. Santo Orihuela, Claudia V. Vassena",https://www.sciencedirect.com/science/article/pii/B9780128187319000094/pdfft?md5=cf06e2795385e29c06ccd2a7f86e9f75&pid=3-s2.0-B9780128187319000094-main.pdf,2022
"Exploring the role of glycoprotein hormone GPA2/GPB5 in the medically important insect,Rhodnius prolixus","Areej N. Al-Dailami, Jimena Leyria, Angela B. Lange",https://www.sciencedirect.com/science/article/pii/S0196978121002187/pdfft?md5=7ed6c534017b0b7578e4e86d61090ad9&pid=1-s2.0-S0196978121002187-main.pdf,2022
Challenges of addressing neglected tropical diseases amidst the COVID-19 pandemic in Africa: A case of Chagas Disease,"Aishwarya Umesh Pradhan, Olivier Uwishema, Helen Onyeaka",https://www.sciencedirect.com/science/article/pii/S2049080122011748/pdfft?md5=bac6a44aa3b1047ad220ba9d59047ba2&pid=1-s2.0-S2049080122011748-main.pdf,2022
"Identification of a tachykinin receptor and its implication in carbohydrate and lipid homeostasis inRhodnius prolixus, a chagas disease vector","A. N. Haddad, J. Leyria, A. B. Lange",https://www.sciencedirect.com/science/article/pii/S0016648022000351/pdfft?md5=216f6cf95a14dd2ab004fe5fdc75bacc&pid=1-s2.0-S0016648022000351-main.pdf,2022
"Surveillance of sand flies (Psychodidae, Phlebotominae) from Mexico: Altitudinal and climatic patterns after historical and new geographic records in endemic areas of leishmaniasis","Yokomi N. Lozano-Sardaneta, Jorge J. Rodríguez-Rojas, Atilano Contreras-Ramos",https://www.sciencedirect.com/science/article/pii/S0001706X24001529/pdfft?md5=52537ba90810b817d6a48ec2361c3a19&pid=1-s2.0-S0001706X24001529-main.pdf,2024
New metabolic signature for Chagas disease reveals sex steroid perturbation in humans and mice,"Makan Golizeh, John Nam, Momar Ndao",https://www.sciencedirect.com/science/article/pii/S2405844022036684/pdfft?md5=02e172b341c97bbaf3ab9a00ab8b80d6&pid=1-s2.0-S2405844022036684-main.pdf,2022
Expansion of viral genomes with viral protein genome linked copies,"Reid Warsaba, Nicolas Salcedo-Porras, Eric Jan",https://www.sciencedirect.com/science/article/pii/S004268222200188X/pdfft?md5=2165da656e3444562d232ae4e1b605a1&pid=1-s2.0-S004268222200188X-main.pdf,2022
Seroprevalence ofTrypanosoma cruziin Eight Blood Banks in Mexico,"Saúl González-Guzmán, Patricia González-Cano, Vladimir Paredes-Cervantes",https://www.sciencedirect.com/science/article/pii/S018844092200100X/pdfft?md5=7ec6b6927e73157e9b3cee7df0ecdd2c&pid=1-s2.0-S018844092200100X-main.pdf,2022
Trypanosoma cruzinitroreductase: Structural features and interaction with biological membranes,"Marília L. Cirqueira, Leandro O. Bortot, M. Cristina Nonato",https://www.sciencedirect.com/science/article/pii/S0141813022020050/pdfft?md5=8be37211ad9966d3774f67e0868b4373&pid=1-s2.0-S0141813022020050-main.pdf,2022
Examination of multipleTrypanosoma cruzitargets in a new drug discovery approach for Chagas disease,"Iván Beltran-Hortelano, Verónica Alcolea, Silvia Pérez-Silanes",https://www.sciencedirect.com/science/article/pii/S096808962100585X/pdfft?md5=522148f64c3bc022eea063266565f8b0&pid=1-s2.0-S096808962100585X-main.pdf,2022
Drug associations as alternative and complementary therapy for neglected tropical diseases,"Leslie Raphael Moura Ferraz, Laysa Creusa Paes Barreto Barros Silva, Pedro José Rolim-Neto",https://www.sciencedirect.com/science/article/pii/S0001706X21003880/pdfft?md5=524196d8e21c78ede1289fbea4e6c8fc&pid=1-s2.0-S0001706X21003880-main.pdf,2022
